"lineage","country","date","N.S197L","N.M234I","N.P365S","N.D377Y","N.P383L","ORF1a.L4F","ORF1a.A486V","ORF1a.A1432V","ORF1a.K1657E","ORF1a.F3071Y","ORF1a.T3255I","ORF1a.H3580Q","ORF1a.T3772A","ORF1b.P1000L","ORF1b.V1077L","ORF1b.M2322I","ORF1b.K2557R","ORF3a.S74F","ORF3a.G196V","ORF8.L84S","S.L452R","S.D614G","S.D215Y","S.G842S","M.V23L","ORF1a.A1298V","ORF1b.M1499I","ORF1b.P1727S","ORF8.S67F","ORF8.F120V","ORF8.I121L","ORF1a.A2355S","S.L176F","ORF1a.P80L","ORF1a.L451F","ORF1a.Q998H","ORF1a.V3377L","ORF1b.P1452L","ORF3a.V88L","ORF3a.D155Y","ORF8.Y79C","S.S98F","S.A348S","ORF1a.A964V","S.D936N","N.Q384L","ORF1a.R119H","ORF1a.A2097V","ORF1a.N4051S","ORF1b.V1840F","ORF7a.T28I","S.Y1047H","ORF1a.I1091V","ORF1a.T1854I","ORF1a.T2684I","ORF3a.T9K","ORF8.R52I","S.M177V","S.P681H","S.V511I","ORF1a.R184C","ORF1a.S3622C","S.D253G","S.T95I","S.R158S","S.A688V","S.S735A","S.T1027I","ORF1a.M3621I","ORF3a.A59V","S.V1133I","ORF1a.R402C","ORF1a.E640G","ORF1a.P4120S"
"A.2.5.1","United Kingdom","2021-05-08",1,1,1,1,1,1,1,1,1,1,1,1,1,1,1,1,1,1,1,1,1,1,0,0,0,0,0,0,0,0,0,0,0,0,0,0,0,0,0,0,0,0,0,0,0,0,0,0,0,0,0,0,0,0,0,0,0,0,0,0,0,0,0,0,0,0,0,0,0,0,0,0,0,0
"A.2.5.1","United Kingdom","2021-05-08",1,1,1,1,1,1,1,1,1,1,1,1,1,1,1,1,1,1,1,1,1,1,0,0,0,0,0,0,0,0,0,0,0,0,0,0,0,0,0,0,0,0,0,0,0,0,0,0,0,0,0,0,0,0,0,0,0,0,0,0,0,0,0,0,0,0,0,0,0,0,0,0,0,0
"A.2.5.1","United Kingdom","2021-05-10",1,1,1,1,1,1,1,1,1,1,1,1,1,1,1,1,1,1,1,1,1,1,1,1,0,0,0,0,0,0,0,0,0,0,0,0,0,0,0,0,0,0,0,0,0,0,0,0,0,0,0,0,0,0,0,0,0,0,0,0,0,0,0,0,0,0,0,0,0,0,0,0,0,0
"A.2.5.1","Germany","2021-04-27",1,1,1,1,1,1,1,0,1,1,1,1,0,1,0,0,0,1,1,1,1,1,1,0,1,1,1,1,1,1,1,0,0,0,0,0,0,0,0,0,0,0,0,0,0,0,0,0,0,0,0,0,0,0,0,0,0,0,0,0,0,0,0,0,0,0,0,0,0,0,0,0,0,0
"A.2.5.1","Germany","2021-04-27",1,1,1,1,1,1,1,0,1,1,1,1,0,1,0,0,0,1,1,1,1,1,1,0,1,1,1,1,1,1,1,0,0,0,0,0,0,0,0,0,0,0,0,0,0,0,0,0,0,0,0,0,0,0,0,0,0,0,0,0,0,0,0,0,0,0,0,0,0,0,0,0,0,0
"A.2.5.1","USA","2021-04-27",1,1,1,1,1,1,1,1,1,1,1,1,1,1,1,1,1,1,1,1,1,1,0,0,0,0,0,0,0,0,0,1,1,0,0,0,0,0,0,0,0,0,0,0,0,0,0,0,0,0,0,0,0,0,0,0,0,0,0,0,0,0,0,0,0,0,0,0,0,0,0,0,0,0
"A.2.5.1","USA","2021-07-29",1,1,1,0,1,1,1,0,1,1,1,1,0,1,0,0,0,1,1,1,1,1,0,0,0,0,0,0,0,0,0,0,0,1,1,1,1,1,1,1,1,1,1,0,0,0,0,0,0,0,0,0,0,0,0,0,0,0,0,0,0,0,0,0,0,0,0,0,0,0,0,0,0,0
"A.2.5.1","USA","2021-05-03",1,1,1,0,1,1,1,0,1,1,1,1,0,1,0,0,0,1,1,1,1,1,0,0,0,0,0,0,0,0,0,0,0,0,0,0,0,0,0,0,0,0,0,1,1,0,0,0,0,0,0,0,0,0,0,0,0,0,0,0,0,0,0,0,0,0,0,0,0,0,0,0,0,0
"A.2.5.1","USA","2021-05-03",1,1,1,0,1,1,1,0,1,1,1,1,0,1,0,0,0,1,1,1,1,1,0,0,0,0,0,0,0,0,0,0,0,0,0,0,0,0,0,0,0,0,0,1,1,0,0,0,0,0,0,0,0,0,0,0,0,0,0,0,0,0,0,0,0,0,0,0,0,0,0,0,0,0
"A.2.5.1","USA","2021-03-29",1,1,1,1,1,1,1,0,1,1,1,0,0,1,1,1,0,1,1,1,1,1,1,0,0,0,0,0,0,0,0,0,1,0,0,0,0,0,0,0,0,0,0,0,0,0,0,0,0,0,0,0,0,0,0,0,0,0,0,0,0,0,0,0,0,0,0,0,0,0,0,0,0,0
"A.2.5.1","USA","2021-08-10",1,1,1,0,1,1,1,0,1,1,1,1,0,1,0,0,0,1,1,1,1,1,0,0,0,0,0,0,0,0,0,0,0,1,1,0,0,1,0,0,0,0,0,0,0,1,1,1,1,1,1,1,0,0,0,0,0,0,0,0,0,0,0,0,0,0,0,0,0,0,0,0,0,0
"A.2.5.1","USA","2021-04-06",1,1,1,1,1,1,1,0,1,1,1,1,0,1,1,1,0,1,1,1,1,1,1,0,0,0,0,0,0,0,0,0,1,0,0,0,0,0,0,0,0,0,0,0,0,0,0,0,0,0,0,0,0,0,0,0,0,0,0,0,0,0,0,0,0,0,0,0,0,0,0,0,0,0
"A.2.5.1","USA","2021-04-07",1,1,1,0,1,1,1,0,1,1,1,1,0,1,0,0,0,1,1,1,1,1,0,0,0,0,0,0,0,0,0,0,0,1,1,0,0,1,0,0,0,0,0,0,0,0,0,0,0,0,0,0,1,1,1,1,1,0,0,0,0,0,0,0,0,0,0,0,0,0,0,0,0,0
"A.2.5.1","USA","2021-05-03",1,1,1,0,1,1,1,0,1,1,1,1,0,1,0,0,0,1,1,1,1,1,1,0,0,0,0,0,0,0,0,0,0,1,1,0,0,1,0,0,0,0,0,0,0,0,0,0,0,0,0,0,1,1,1,1,1,1,0,0,0,0,0,0,0,0,0,0,0,0,0,0,0,0
"A.2.5.1","USA","2021-05-10",0,0,0,0,0,1,1,0,0,0,0,0,0,0,0,0,0,1,0,1,0,1,0,0,0,0,0,0,0,0,0,0,0,1,1,0,0,1,0,0,1,0,0,0,0,0,0,0,0,0,0,0,0,0,0,0,0,0,1,0,0,0,0,0,0,0,0,0,0,0,0,0,0,0
"A.2.5.1","USA","2021-03-31",1,1,1,0,1,1,1,0,1,1,1,1,0,1,0,0,0,1,1,1,1,1,1,0,0,0,0,0,0,0,0,0,0,0,0,0,0,0,0,0,0,0,0,1,0,0,0,0,0,0,0,0,0,0,0,0,0,0,0,1,0,0,0,0,0,0,0,0,0,0,0,0,0,0
"A.2.5.1","USA","2021-05-03",1,1,0,1,1,1,1,0,1,1,1,1,0,1,0,0,0,1,1,1,1,1,0,0,0,0,0,0,0,0,0,0,0,0,0,0,0,0,0,0,0,0,0,0,0,0,0,0,0,0,0,0,0,0,0,0,0,0,0,0,0,0,0,0,0,0,0,0,0,0,0,0,0,0
"A.2.5.1","USA","2021-05-25",1,1,1,0,1,1,1,0,1,1,1,1,0,1,0,0,0,1,1,1,1,1,1,0,0,0,0,0,0,0,0,0,0,1,1,0,0,1,0,0,0,0,0,0,0,0,0,0,0,0,0,0,0,0,0,0,0,0,0,0,1,1,0,0,0,0,0,0,0,0,0,0,0,0
"A.2.5.1","USA","2021-05-23",1,1,1,0,1,1,1,0,1,1,1,1,0,1,0,0,0,1,1,1,1,1,1,0,0,0,0,0,0,0,0,0,0,1,1,0,0,1,0,0,0,0,0,0,0,0,0,0,0,0,0,0,0,0,0,0,0,0,0,0,1,1,0,0,0,0,0,0,0,0,0,0,0,0
"A.2.5.1","USA","2021-04-30",1,1,1,0,1,1,1,0,1,1,1,1,0,1,0,0,0,1,1,1,1,1,1,0,0,0,0,0,0,0,0,0,0,1,1,0,0,1,0,0,1,1,1,0,0,0,0,0,0,0,0,0,0,0,0,0,0,0,0,0,0,0,0,0,0,0,0,0,0,0,0,0,0,0
"A.2.5.1","USA","2021-04-24",1,1,1,1,1,1,1,0,1,1,1,1,0,1,1,1,0,1,1,1,1,1,0,0,0,0,0,0,0,0,0,0,0,0,0,0,0,0,0,0,0,0,0,0,0,0,0,0,0,0,0,0,0,0,0,0,0,0,0,0,0,0,1,0,0,0,0,0,0,0,0,0,0,0
"A.2.5.1","USA","2021-05-10",1,1,1,0,1,1,1,0,1,1,1,1,0,1,0,0,0,1,1,1,0,1,0,0,0,0,0,0,0,0,0,0,0,1,1,0,0,1,0,0,1,0,0,0,0,0,0,0,0,0,0,0,0,0,0,0,0,0,1,0,0,0,0,1,1,1,1,1,0,0,0,0,0,0
"A.2.5.1","USA","2021-07-15",1,1,1,0,1,1,1,0,1,1,1,1,0,1,0,0,0,1,1,1,1,1,1,0,0,0,0,0,0,0,0,0,0,1,1,0,0,1,0,0,1,1,1,0,0,0,0,0,0,0,0,0,0,0,0,0,0,0,0,0,0,0,0,0,0,0,0,0,1,1,1,0,0,0
"A.2.5.1","USA","2021-05-05",1,1,1,0,1,1,1,0,1,1,1,1,0,1,0,0,0,1,1,1,1,1,0,0,0,0,0,0,0,0,0,0,0,1,1,0,0,1,0,0,1,1,1,0,0,0,0,0,0,0,0,0,0,0,0,0,0,0,0,0,0,0,0,0,0,0,0,0,0,0,0,0,0,0
"A.2.5.1","USA","2021-05-20",1,1,1,0,1,1,1,0,1,1,1,1,0,1,0,0,0,1,1,1,1,1,0,0,0,0,0,0,0,0,0,0,0,1,1,0,0,1,0,0,1,1,1,0,0,0,0,0,0,0,0,0,0,0,0,0,0,0,0,0,0,0,0,0,0,0,0,0,0,0,0,1,1,1
"A.2.5.1","USA","2021-05-20",1,1,1,0,1,1,1,0,1,1,1,1,0,1,0,0,0,1,1,1,1,1,0,0,0,0,0,0,0,0,0,0,0,1,1,0,0,1,0,0,1,1,1,0,0,0,0,0,0,0,0,0,0,0,0,0,0,0,0,0,0,0,0,0,0,0,0,0,0,0,0,1,1,1
