"lineage","country","date","N.R203K","N.G204R","ORF1a.E102K","ORF1a.A859V","ORF1a.T1246I","ORF1a.D1639N","ORF1a.P2287S","ORF1a.D3222N","ORF1a.G3278S","ORF1a.L3691S","ORF1a.T4090I","ORF1b.P314L","ORF1b.A1219S","ORF1b.A1326V","ORF1b.M1693I","ORF1b.Q2425K","ORF1b.A2623S","ORF7a.T61I","ORF7a.L116F","ORF7b.A43S","S.S12F","S.D215H","S.L452R","S.D614G","S.Q677H","ORF1a.V306A","ORF1a.A1314V","ORF1a.L2146F","ORF1b.I162M","ORF1b.L1351F","ORF1b.T1540I","ORF3a.K67Q","ORF8.P38S","S.N501Y","N.A182S","ORF1a.T1168I","S.E583D","ORF1a.P3767L","ORF1b.T1154I","ORF1b.N1426Y","ORF1a.P361L","ORF1a.F3122L","ORF1b.D1251N","ORF1b.G2510C","ORF3a.S74F","ORF7a.R118K","ORF7a..122S","ORF7b.M1I","ORF7b.E3V","ORF7b.L4F","ORF7b.S5L","ORF7b.D8E","ORF7b.A15D","ORF7b.L18I","ORF7b.F19L","ORF7b.L25I","S.A522V","N.S235F","N.K256R","ORF1a.D2980N","ORF1b.D1028Y","ORF1b.P1452L","ORF1b.G2662S","ORF3a.Y113H","S.S98F","S.R346S","S.S477N","ORF3a.W131C","N.P199L","ORF1a.T265I","ORF1a.L3201P","ORF1a.P3504S","ORF1b.Q1011H","ORF3a.Q57H","ORF8.T11I","ORF9b.T83I","S.A701V"
"C.40","Bahrain","2021-04-12",1,1,1,1,1,1,1,1,1,1,1,1,1,1,1,1,1,1,1,1,1,1,1,1,1,0,0,0,0,0,0,0,0,0,0,0,0,0,0,0,0,0,0,0,0,0,0,0,0,0,0,0,0,0,0,0,0,0,0,0,0,0,0,0,0,0,0,0,0,0,0,0,0,0,0,0,0
"C.40","France","2021-02-22",1,1,0,0,1,0,0,0,1,0,0,1,0,0,0,0,0,0,0,0,0,0,1,1,0,1,1,1,1,1,1,1,1,1,0,0,0,0,0,0,0,0,0,0,0,0,0,0,0,0,0,0,0,0,0,0,0,0,0,0,0,0,0,0,0,0,0,0,0,0,0,0,0,0,0,0,0
"C.40","France","2021-03-12",1,1,0,0,1,0,0,0,1,0,0,1,0,0,0,0,0,0,0,0,0,0,1,1,0,1,1,0,1,1,1,1,1,1,0,0,0,0,0,0,0,0,0,0,0,0,0,0,0,0,0,0,0,0,0,0,0,0,0,0,0,0,0,0,0,0,0,0,0,0,0,0,0,0,0,0,0
"C.40","France","2021-03-12",1,1,0,0,1,0,0,0,1,0,0,1,0,0,0,0,0,0,0,0,0,0,1,1,0,1,1,1,1,1,1,1,1,1,1,0,0,0,0,0,0,0,0,0,0,0,0,0,0,0,0,0,0,0,0,0,0,0,0,0,0,0,0,0,0,0,0,0,0,0,0,0,0,0,0,0,0
"C.40","France","2021-03-12",1,1,0,0,1,0,0,0,1,0,0,1,0,0,0,0,0,0,0,0,0,0,1,1,0,1,1,1,1,1,1,1,1,1,1,0,0,0,0,0,0,0,0,0,0,0,0,0,0,0,0,0,0,0,0,0,0,0,0,0,0,0,0,0,0,0,0,0,0,0,0,0,0,0,0,0,0
"C.40","France","2021-03-12",1,1,0,0,1,0,0,0,1,0,0,1,0,0,0,0,0,0,0,0,0,0,1,1,0,1,1,1,1,1,1,1,1,1,0,0,0,0,0,0,0,0,0,0,0,0,0,0,0,0,0,0,0,0,0,0,0,0,0,0,0,0,0,0,0,0,0,0,0,0,0,0,0,0,0,0,0
"C.40","France","2021-03-12",1,1,0,0,1,0,0,0,1,0,0,1,0,0,0,0,0,0,0,0,0,0,1,1,0,1,1,1,1,1,1,1,1,1,0,0,0,0,0,0,0,0,0,0,0,0,0,0,0,0,0,0,0,0,0,0,0,0,0,0,0,0,0,0,0,0,0,0,0,0,0,0,0,0,0,0,0
"C.40","France","2021-03-12",1,1,0,0,1,0,0,0,1,0,0,1,0,0,0,0,0,0,0,0,0,0,1,1,0,1,1,1,1,1,1,1,1,1,0,1,1,0,0,0,0,0,0,0,0,0,0,0,0,0,0,0,0,0,0,0,0,0,0,0,0,0,0,0,0,0,0,0,0,0,0,0,0,0,0,0,0
"C.40","Germany","2021-04-10",1,1,1,1,1,1,1,1,1,1,1,1,1,0,1,0,0,0,0,1,1,0,1,1,1,0,0,0,0,0,0,0,0,0,0,0,0,1,1,1,0,0,0,0,0,0,0,0,0,0,0,0,0,0,0,0,0,0,0,0,0,0,0,0,0,0,0,0,0,0,0,0,0,0,0,0,0
"C.40","Germany","2021-05-04",1,1,1,0,1,1,1,1,1,1,1,1,1,0,1,0,0,0,0,1,1,0,1,1,0,0,0,0,0,0,0,0,0,1,0,0,0,0,0,1,1,1,1,1,1,1,1,1,1,1,1,1,1,1,1,1,1,0,0,0,0,0,0,0,0,0,0,0,0,0,0,0,0,0,0,0,0
"C.40","Germany","2021-05-06",1,1,1,0,1,1,1,1,0,0,1,1,0,0,0,0,0,0,0,1,1,0,1,1,1,0,0,0,0,0,0,0,0,0,0,0,0,0,0,0,0,0,0,0,0,0,0,0,0,0,0,0,0,0,0,0,0,1,1,1,1,1,1,1,1,1,1,0,0,0,0,0,0,0,0,0,0
"C.40","Switzerland","2020-11-02",1,1,0,0,1,0,0,0,1,0,0,1,0,0,0,0,0,0,0,0,0,0,1,1,0,0,0,0,1,1,0,1,0,0,0,0,0,0,0,0,0,0,0,0,0,0,0,0,0,0,0,0,0,0,0,0,0,0,0,0,0,0,0,0,0,0,0,1,0,0,0,0,0,0,0,0,0
"C.40","USA","2021-04-15",0,0,0,0,0,0,0,0,0,0,0,1,0,0,0,0,0,0,0,0,0,0,0,1,0,0,0,0,0,0,0,0,0,0,0,0,0,0,0,0,0,0,0,0,0,0,0,0,0,0,0,0,0,0,0,0,0,0,0,0,0,0,0,0,0,0,1,0,1,1,1,1,1,1,1,1,1
